Commit id,Bugzilla bug id
78da3b38a3efed0d10eeaa522e49856e656cac11 ,278474 
8b7503d184ac145dd7f991ba1db9eeaf937520ef ,359629 
9fa1b85f52cbb336c687d69bca1cc6b5df79a354 ,347517 
aba8759e86925436fc90ea23a9b0cf103e670a79 ,387710 
0ca94e6adfe5bce709cddff2967aa7361c7975f9 ,396760 
31e924176171710aae653a1feada92bccde340f8 ,392100 
21b6cf8f686ca97c474670cadb2bc823008b9e22 ,391841 
26fd6044d70b4707e216df451f772b87bb1aaa16 ,376916 
bd607b3176c2fe7bbfec03819b281107924d29e4 ,373178 
5290df68924584a73c127219e05d5f2b6980967d ,371010 
c610b74942840f77737d2b55f7d7abbff6374649 ,358804 
cf28a6582d5c0edfdf5d30db04d90809bb500ac4 ,369598 
26587b02cf7a4de63bf5753bed0b92fea77e60b7 ,364509 
9fa705c22c8d8ca5cfc58ad5e6151c1c045702fb ,368607 
7df3fe7b6ae557b43446abe9f57162fd33d90b12 ,348049 
9479fea452602d66d7ae8cd04571aa9a61c43637 ,162094 
5ad751de55f73ea1dfaad960ded4375d309172e7 ,357052 
ac7a06e198dc92b15c35542295e98ecb79cded7a ,357541 
f0b1de5d28af5237515dfbd599eb707e59c8a81c ,354984 
67dd40d9b2c7014b7609069fbae4bd04755555d7 ,354987 
2c590af8b16ba220171ff901dce75abb470816d1 ,349621 
8b1064d9258e4b33bc66f12b04ae3798afb39376 ,351472 
43b08ed0e17ea4e09f5d641b94ac1726f7f30a61 ,352255 
28c9ee0774a0621fa9860280188e04b0c262b361 ,341027 
5e7a52598197b476bb15a93dce16e4fb31f8c9ae ,345056 
79dade9f303502d2930104b7d46f8db94e25b0b5 ,349771 
6b1259a46e018b8a1558f370b0633cbdb2c12d30 ,349771 
01da4eebcc14ae72b179ffd661684b21043d61b9 ,347032 
f256231506e26b43fb8bce0b7dede1c15eeaabaa ,315184 
1dc07f865cfbb65d8fbe240152bf8eadd09827f4 ,347566 
9220b1c0791cfb2ec6aebb71fca4deae9f2499e2 ,346153 
493b4f4fd62fae3562ab81a95cfb581e8b1edbf9 ,344382 
ebc33e517eec634664268748cfb33376b8ccce02 ,342086 
e3305404b0e7a1782263fde991c15e5930d511b5 ,345056 
8e877e19ee6e1ace0dc3ecea48bdd078b3f8e0c0 ,345056 
9095ef97883e84700d4082448e81b1fdcb91ccd8 ,342367 
5383c55cfba2d0a6658b4747bdc0b6de95620566 ,339470 
fb03d1c1cc5890e91185619f16967bf48aa94590 ,343008 
63fcb8dedf808a15ca1b048ffbe06fd1fdfd89bb ,341886 
d2a3e3bcf6475c9f4699acd766112e623c096e46 ,340097 
af970ec8809f30572de4b72cf05216ff60a9bff4 ,342040 
fafb0cf389c9fbda099822f77d2f8476b3c711ef ,339448 
6dbc983358bfc2414b6b55e150c760529e3a4771 ,339470 
fe1b48c6bce266695c02fbf96d53e3e4537d1c50 ,339448 
15982278a4320a0f147700bc0aa42fbaf4de3bfb ,339791 
bece8c020165c43f1f162f742ce3f44a9ad4f24a ,339635 
0d7cb790bbe9c84e527a2b42d27f5ad91bfac212 ,326432 
8317671f98f763f5f58a8967fc3655ba62ab86d7 ,336655 
dbd9b15556d525f976b917dfa0165c3bddcf9f8d ,338612 
b656b60ca8f911f2082688b308d139ceed4098cb ,333075 
68ba0da528f2d3e147d9e3ab5be68134b8a717c8 ,338286 
a1f1722c8ded9619635a7305ae64cd749a0f1cce ,337908 
9d98e7347b340a4e8a6cce51848d1e94a5f60ab9 ,265348 
34d1539c7ecfccfe487fb03f06417a562b18a776 ,333075 
bac56c40ad2640fee6d88271ad5a7c7b56c0e8bc ,283200 
3561cae0470ab14e72a2b724d6d3799471589030 ,283200 
f8dee3267e924fdc16981a07c3ab5c8b5b4e7e4e ,329164 
869dc1825896469b7c13d35b5fff0482664eff3a ,335272 
6117c69e23b54ea442ce8926016fe779c42209db ,199283 
fe8b49626ff265c88c9db1efb89b39cb3ff002bc ,333779 
5096fb758b45fe270f130147ef29899c1acf1a92 ,333075 
7a6295fff43ec4e3f43eb789e018a23e79861862 ,333779 
c3940148789455062160f9383212a2e8fe606e30 ,333779 
b466791b1196e9d9d4f6b194bfb368cc01703f55 ,333213 
9237abba484af413eba1e2e61b2a2703b8a594a4 ,331626 
d5cd0e13f16f141b2b03c556d177d81f6533e275 ,329164 
2c904c2b86fa9cc89ec094767e6ca3d5bd76a57b ,331248 
a16c9b15d7bf588434cc3dac442ffa6eb355f76e ,331167 
be9f41fd18cd28a5b51f289ceccd3b9eee393d85 ,324349 
5fea9ccdcfb4af9bd35eb20f25f3ca96f63a7f6d ,329163 
537a8bea7c44b938e8c63e6a4e10ec8a15cfcf51 ,320042 
252b3e213687ff5c034f56e4d8cd6e4df4a65a4c ,326216 
88fd6cc30e5a3a5bcda92410de44f0c3b806c8e7 ,325497 
c2a1f13c64e5eed023dfd5e8249aa208e276d450 ,326211 
462eecf56f1f691e2c1ce89b03f8f926266b9990 ,328197 
0bd08b3d85269133c2c429e849545f03bf2fea7e ,263610 
3ff91fdc59ea4e95fefea317b41e9ced71c3ec36 ,315494 
ef9baad3f13d4204099f3082ed2de96261f449fb ,316835 
51ed74b1d2948c5bd75572155a81ccbfbd8fb90d ,314744 
d3cd3daa604495fe6ef165388e3ea122129c52e0 ,322081 
b957bcc81bbe62a9e8c0ff7d26a809f00789d115 ,324571 
e6a6b8e9cbd7188f43e2255458f01f7575dbc63e ,315921 
a4667ad442eb033a78c255c3d3945220e3254ae2 ,322081 
badb236d4e40dca25671a9323b9119771b201fa6 ,323891 
4bc0bf827d2801dc15706cf0887726a3fec4f116 ,322867 
bbf132d8391bd6f51455420635eb659a758f895c ,324007 
410a7a0683bf7534ceb609403193700002874a6b ,323410 
ef89e2ee198ae09aa18ec1a84465d1c530369545 ,322192 
8bc2a0b973f9827c3d0d359e4b47a3a8a4d501bf ,322867 
caf17ea100794f1537c8f8477a54c9fc0c7cf36c ,314744 
1cac174f2f114f795f0158b5e1e4e5f63ced6a28 ,295104 
1d8c910e36fbc9e7454ecd0e86b5b97a52756c6b ,295104 
ececafb3985e8e5593ee18bf856b8fe895097027 ,315921 
08219bd1f8100eb9f9bd9fc5f166393a0346e7d2 ,250257 
f674b391c13f9fa04ce75bbea4e1a12f1133188e ,317682 
d11e35628bcc3f510f82df65556b083ea00b4fc5 ,319397 
df20f4139906cf0ac9f889065916c4fb294e3243 ,306065 
b3abadfe8aed9f9aaa425778acf3f93da45b2635 ,302652 
7b6d0fb3fa1889f0652ce715e31401041f91a396 ,317751 
ddabf27ce8b52f5cf8713a286b05126d141c44e7 ,318954 
6bf6cb9a825bafa45d8b68a0686ed0e67e0bd331 ,317651 
490daae412a4c825142066183330c3bff2f285c8 ,259291 
9008df69b3c956f666c9035f545fb646cb2939c2 ,316832 
9edce57b5f9b92074b26b3c2547d0347089f77b9 ,316166 
a1fea45706d4d70745186859a272fe6c6071d8c2 ,303138 
3bbc3e40982861e531c91b8a73bd392e45139410 ,263528 
9f4d2fe1f8ec2d8b37c0d4266bceba0d1b782839 ,315533 
38c6ec18a019146ab5e33efc46fc58320dd96f99 ,315024 
9cb14cb346ff959392b41537e79080dbba4b5e2d ,315024 
32b488c2c9f9e80682e1010e8fc002af27e70d72 ,311426 
4d032de151b6f4f877201090bb653834ef553ffe ,313712 
cf5bc42c9ac5ccac66a4668d399c3f903cf22e6d ,304910 
cb7262de6016fbdd3cb207937c20da1e32134c37 ,304910 
9c9a8f2b8a4deaefc014675f3371242455db71dc ,310875 
d47d49ea42b64648eb33b0975062ab9a8de09ab8 ,314022 
30c923d06b752430fabcc5d64dc94f5dcca8c2bd ,301870 
9f5124ac5d10aa1e0e6a09621127990e27ee19eb ,178474 
b90f237b1cdd96053583e2a3f6f792d848884dc7 ,312781 
14d2f91970e5a4f8c27829fa00d4d866bf86cb99 ,313024 
7d4413cbcf5f3b5f80a98d4d86b25205c2295e68 ,310875 
e891e9b31cecf3c866500bdf38cf34a6916ff550 ,302654 
c5ddb9086f820bf9c1ea251d9de4d52dee638b12 ,311977 
e73d37204937e96f429761d004130d7f3561973b ,310009 
8ef1f896b2e7cd373d3902ca9a73482cbcddcbdd ,310373 
77001e1184041ae08a7ccf16bfec39f362d91bbe ,282211 
f5d4022b8620ff64166d62cb7e48f2271b83aa9b ,308832 
6cda2358fd5bf3b14485485ab8d57773db5be606 ,308830 
093522931f537522dbba7442ccdec0bd8cc9739f ,309408 
c0e85e44fcbf3635c1e8225c2a4ff2cbb92a22f2 ,309408 
7301c525dd1ae748a5e4768df949df156c9085f4 ,308952 
30b343ea00d367f0f6192c7c47ccdfbb5ca554a8 ,305568 
8617e6b72f690225efe2996e939140ce5da65fd5 ,305167 
a0270d787aceee79a65b7bcd9be813f7ff01dccd ,305267 
c033ce4f337a246c8a0c8b3588a8f3c53a125eef ,305687 
94ef731757d71ce333480daa6893ade67b71f67a ,292445 
d75affdc06f3bedd4f56cba4f9233e8f49d67eb8 ,305687 
beab2caa8bd2aef695a8cc173cf059329b216638 ,308534 
b11ad94d68d5bf0ac18dbc35650b37e980213b07 ,289015 
2f8ebb838be519b88064e8db4081d61eea50952b ,304099 
1bad3667fcf137235a4b89f30de14845b10fb38f ,299555 
3c66c68d87e28fde8dfcf80a33c3c21345211a36 ,299555 
93df92d195d0596f44cc0a74eb55230e254dc20f ,305267 
2c3f14dacffda5c15bc1b75126ca2a2884d04fe2 ,306296 
bb34f3e794f0c80a3596cefae3b25e23c94c975a ,304694 
9237bd3167ed3bdd13b6de820877af2cee839395 ,301756 
f4b9537e2fb14d46402afd61f4bb2e1ef0455bbe ,287899 
1551439c025290398ece0a2a76614a5013b3bec8 ,290197 
13044e0e965289e12e3d7df7428af281e6c81b36 ,303431 
d8da9d96f7dda395ba2deb6258c51c6dd5265303 ,303413 
4d27771009a9b5dea9b0e3a99d9e936b931c81c0 ,303411 
e4c3ac35facdc93d26c4d41669bc5ee94ba4cf0e ,302654 
b4fdb00aa463516446c5e30d6afda4a7e62cd115 ,297437 
273b093a83d6d64580462b7ad6ea3ca0c29be818 ,290197 
04655cb9b07879400b4e24bce0e178b4ac7f3bfd ,293638 
3c94811bd3a1b9b91f7b42118bc280ae2d8fbb50 ,301185 
f3b0d2174d8b4d3da967784860e0d393d5bfc51f ,272207 
42befc8d0e32c5f00831a35829f3e106df8c5e16 ,299531 
040aef74ac53d700c3c24ce89b39379e15291ab7 ,298493 
0c5b8f47c2631b65ef8c5043648950648f373e61 ,297437 
e548218ede36325a6c2a8779f6c3374c24aa81cf ,290465 
d88e9b3167bf69956595b77eb6d69918003d8c97 ,296763 
52e0b83a7f5fccd5a94e93e3cb10dc5e9377bdf3 ,294354 
93439ced24d8db9f2b694db07a22612a427b208d ,293638 
2c38844ab3d072aa2c8303a3ed218b7fe2e00f6f ,147959 
4461dc8fcb9800b0e98979105eb0f24aa9f381eb ,207623 
b6db4ea6b51cab152b6d2096d9bfb553a70c5526 ,287453 
2ceb265d0cc8f761e7a9d44167fd87b686510e2b ,256699 
109294a60d9d9a68b40e8c460c89d3137262a196 ,279357 
c521d3e60f9288be949dd43ecc49f46e552113e4 ,279536 
8a3e3fe5314712b4a92025692257ef920de614a2 ,281241 
8c388231aa6440d4aa51f58f8f7b5213582795da ,283956 
337b951d5c1af7b46f70fa6a83c8416b35e52a18 ,249947 
93ae1b7f53c5b0e2d816124e4ad865e74e677e27 ,280709 
01734678f5b7a9f04b8396d328835aa7bdc1045c ,277974 
28f15f8b641c640f2230bd38b2ea897a9e7f2119 ,260280 
a9c66d056074406c6ef84467a0738e0e03678278 ,239154 
ae105c10d8965cf328b8c1c74e877f6dd584852a ,264930 
2f27194a10e378588ec13ae2a953e8d7e5a1ea7f ,275507 
dcaa5e26fd0b1c9322a9958020ea3105546b77cb ,279316 
6d26148662bd6a58a864bab6f9b0711965d14ec0 ,279306 
b4b3895c299a38d3ca02eadc91008b22ab0638b2 ,279722 
bb9bce64ffad275491284422f5b8b8914a5e8e08 ,278888 
5aa042814b34589b92dc3bb32f07963df54c2848 ,278856 
5a62736f179423f3abaeda4e75cf12eb69f62a64 ,278708 
c859cad6cf4281983b19b6ff0c4b7c3dafb53262 ,278688 
368278763ddffecb4236a385753e748ae549696a ,278499 
6736fc6555fb4e3c8aa04356e0f5deb9e35b1683 ,211441 
4f52b5b8f69f1e48df33ad83c180823b0586874a ,278575 
e24eede4a7eb7a69318562b1a09438e6bde1f5bb ,278534 
84732602402d43756654dc931aa15317c14bc101 ,277918 
612f95c5f12985e1b8e75609f8ed4952fac8775b ,278485 
7a9f45da8a515cd31d3e93b8317cf5d71f7b4f5e ,199675 
0cf6a07dea169f2904fbdada2c3e5cc49a49ac8f ,233158 
78554792117c64f8c51b4400a9a6335a7c2fb338 ,235439 
1d63477aa0161b588cc527ea89dd058340bd46fb ,211096 
74981eb68a9412be7c8a1c4295812c267b48dffa ,277970 
b7388453d86744a1d16448bfd795eab4bcdd61de ,267118 
663b0690df885fa01d0fe9ab497dbb7b7255a07e ,276651 
d137671ae0d920dc308f628c3530a7d4c34d216c ,271487 
4fd2b5a6e231ba510a0daadb5862377960c593c5 ,276234 
a5bfe7834a078dab9f01bc1f7b80dcfd91512ade ,276233 
247db04014cf3e373ca135ee58a3c99a288f52a9 ,276011 
4c63740eac61fc1b36c1831c58c94fe120539c76 ,275377 
5baa01a3a315352f0cd6bc7dbf7beefb78ff171b ,274390 
3d9a5e4ae0248430b80a5b9bf80bd0dd5bf6c7c2 ,273522 
a56353f358173a3b7d93c4e5aaf8c30178da3d77 ,260537 
eefe439fdf79b5cdfb3ebb77c9cd58d4c4934adb ,273586 
fa568cf63bdf0145dfc623959281e1597e189035 ,270350 
344b38b0b3902af984b2125f07384a627684038a ,238789 
e61d666a24ac2fa55b388ea662e5d147cbab8c19 ,206526 
19f4705827046ce1824562443371afeb0a026956 ,267960 
86d41687c8c24130a18f98ae2f895c392e3670da ,260472 
f1e1e39c3722c03bcd208b18f74dffc675d08f9d ,267112 
402be62aaf2a72cab1cfe4cd2340bfc801b789d1 ,267102 
0775187a5fb5737df0fcf5087d0655e70f2c8389 ,266714 
66a37c97f7f8294c29ee6da903241c61a87f4599 ,266393 
e6cc3d72167a9334cd3afd5b5fd1f16784164d80 ,266403 
81717c4b4688219404cb64fcbe01f437ce0dea98 ,220006 
209c281c27c57fb831902f8c3e39dc7bf99533cb ,213569 
71f9b33848e4b0751e433d26faeb3a8e233dd4c1 ,250771 
b663c8d78d4b6a42e026130dfc39adda8cfa4092 ,219241 
fec80a5117c2d8fac7483ccdaf3d162716b1fa1d ,264428 
34945dbd29189b17ab801dec0e963c0b340c9cdd ,233590 
b29c0be1b2d55c17d19a4fa5995c9f99cc2e6888 ,264727 
b7eeae8429292d9c1ed7b143ec4781d47686bbb4 ,264612 
2e46506d618adac32a46db849fc1c2c022eac0d0 ,262500 
9c50d243d8edb161aa54f13c7a014e918e65739e ,248364 
dfbd9d1a955fda261dc881d0b5355e380470ffd7 ,251506 
5a57d628c8ced8b18771ae36b73ef71f044a6ec3 ,205861 
e4821334a27a65044902e81c86f67bb56c261c61 ,219464 
35d45568fceb5a768e3f796ad01cc472766a5a7d ,234039 
c69328ca5e14cd71f9f7d76a6260ca0e0e56315d ,261363 
b784d07333d357fc2797ca975e846367b5121121 ,261238 
411b5aa0d163a220eadc7d51991ed6ad82376fda ,261231 
81f281d3261ee126d263b8cda357a21d6e440d6a ,261144 
f910494957c8b21de0bd5324dc8b549de4176d9a ,257480 
faeae807a5a6ec0f2bc6a994434aaa82e0ca6e42 ,259877 
4f30acb5626bce31336f3005d15f71ee6dcc3ef8 ,258571 
11ec5588e06afff55795b43cd8913f393e06b87a ,258369 
c380fa98ed8717b5e65ecb4413fb8207c439f561 ,257816 
a09b123e535b6abf93c9a631eed02356f695adb9 ,255283 
c8bdca85dabd28663907d81be9d6dacbcbc93a86 ,221039 
418062a809f1690fcbb212c9e1abacef6c333271 ,251004 
36dd5f2f49d8f559dfdd923da886a97bc87baaa6 ,251143 
f1da089e0fb77ebf8f126b24e312a15054ebb103 ,251179 
16ab0f8f27be887c0bbfe0c5b326dd562fb84d0c ,244579 
a8b20d22b4f24fe98af82d55d265b6314b7dbdc3 ,248042 
a0e5bdcf748b20fc198d36a7ab5310b60c275e85 ,238662 
9d1f2bd6c0baf2b2e0bc9da6fdd26c6a1204a0d1 ,137497 
b0c226f948033a6b9c5c176af96b82623a2feada ,243644 
08191b76383f95e7caa36996934bfe13c4748acc ,248753 
459f0b4662ce14c358327f009f1fabc462f608e5 ,152403 
2129d880091bfb6879a9d7788c75687c7f4e7bf0 ,237552 
8f5092707e94139e2937504123c50d47034163e8 ,240762 
0745a3bf3d21597c49290f0ea286f2ddd3303496 ,247911 
0f80ca3054903c6d236f29620974034a931b7847 ,236304 
6139058a3085b7ecacdb6c4b868f9bb3c31073e2 ,237714 
efc7b8cf2f530a7c8f0663838883684e2fb41f6f ,238329 
26f3315c638722cb9d07419f69cdebfd5c317116 ,216055 
bdbf655d01f0300719e416faa0c5ee788d2f98a9 ,244903 
be7ae15f0b6ed2c849e02eb97cac77cf910ce492 ,242807 
edbe171f1fb15dfd2018c26031954f26134982fa ,242978 
0fc8816b0c02bf4a450d4d578c88f7da2790916d ,239426 
fe30a788ac93cad01a9d85d7ee0ef7720b5c1007 ,241172 
6fc8833957472da7f69117222044fef90d43aa15 ,241593 
1b6fa50f7f8b6e0b66ebc3debdb3bb9fdf1f698e ,165359 
481e7b7f6b0fc74f05988092b90673eda291dfab ,242136 
7f40129ce5bec1fb9129ef76123b2e29cb971f89 ,240566 
c5e47dd8c74abe8c218a0bb48ab7d11799d1b85b ,239304 
378a003a8e8e0815174be5a448d5c33510eac74c 34955d72e584a91f2b8742d828ba3ff68517a7d0 ,242451 
590f20ae0309e946d421b45e5543a21b98326dbe ,243816 
90e6cfef7311e5c73f90e6771f7a5d017c143420 ,211285 
6d300aca7d1efbb175089c95e38ff976a4c38048 ,239699 
5d34a994a4076b02a7ac8b7b35fe2d40459f2d19 ,241752 
f303910988268a696e12c9cf68273724716212fc 492377479fb0cd5b5d892de005a036b8090fcfe8 ,243642 
546f51f4ece3bc8431c26f8136e2af779ff5a7e5 ,232348 
9f9b62b5ed8954e4fba363a6e732dfb033e3c6d6 ,242758 
e4a80925d4e49c8596cadaf8ce9745cf6361464e ,243628 
484fc1eacfec93a02ad67f769c48ea10de2ef3d1 ,242313 
21caf113e82b5319b89595b292fa771e00e5b761 ,243349 
05041eb9c2ad58e0768b3345b9e424b1bf3054d7 ,240103 
05288b700c575f455aeeec3db0065a52b56f794c ,235789 
f767839616d60722236921a507237e00cd830809 ,242997 
89d32395c07801c49fdd3a4de47395eb4d84059f ,242651 
3eb1df2e619f2726ce7cde3511d848a19d191eec ,241560 
0b9e82c10b56ee47d11d1c714646290cd63deccd ,238881 
3feb4bfe88497b9e7360746fe0b4f2e0b905ded8 ,239738 
bc2eaf205fa05c431d94adf180ece4537d5b6538 ,241008 
6d7913c1b911851bc5324eef94c807bf02ac7e6c ,239672 
d2b549805135fefec97f745aeb4f42a9f9cb9ee9 ,239892 
c3e77be00a5a7bff7772b1ae4831944963b6d847 ,238012 
73ef6b16a1646538041adb38d62def00800fc332 ,238048 
b904e2f462e4aa2c3fc87b69a1ba8661b8ea7d21 ,240415 
522acb3a0f04641c9d53128965a263f4d6c8d6cb ,238047 
2dbefc99be72ae79c84fdba87a747841cd094ac8 ,239282 
64903d4bbfc72005b6bd39a799ae4ee215040d4c ,238063 
e2888a4e5e35f16d602ceac965420cfce04f7798 ,240411 
bfe0a72dcaf3dc665ddbce175b2c149da5321fe6 ,240224 
47e49df6518aa8ed84764b5a8df0165291eaa4f1 dd74021fba2200d7ee80d92c81d20f87f506adec ,240224 
3b1f970fde2b0d5780075151891406ca91e92289 ,238011 
ff1d689496e507a3ecb5e593c7995448ce8cfc09 ,239321 
9e90451fdc254aca132b8016a2379611ffb58d4b ,239696 
6f792c0a62248d39ad3197d77669543ba30316af ,237854 
4b4cb3b3540841ef4f80a3505fdd46a723a1899d c7497fe0fd4309bf0e6f8a670e599c4db3d9f924 ,239114 
18caa48e9a3424e72296b8502ff812a2848343b5 ,239067 
1a77951a1969c7ea358ab63a0e75609398f13432 ,239618 
4c1155e8091d3a0e8ec8a467061e87027c609144 ,237995 
a2d6b3d310fd2ed9462db9135fc20b9e885c59b5 ,237715 
9c740b2a1bc01578bb44d6f93cfe8daaf4062cd9 ,238361 
7934aaeebae868c9aeb6a0c8c7bab56684b82ad8 ,238506 
bf06260ca2bdfc23eb8d5e993dc6a64912a62211 ,237746 
3f3742e9db14f6d22030658e597ce45a21cef948 ,238377 
6759c395e3ccb91baa12cbcd31111d1959ef3144 ,238751 
0580b9476f1ccaf76d280885a18f500d1296fe66 7272f582d637a2aca9f8da016936a585956c3036 ,238046 
3534c72b54ff2532dde8ad6c8ab31dd59a436e76 ,238070 
102be94f1b8de9722e41cb96290bd58b70830b60 ,237861 
e4267e14f8e731f8bb6bf8ba901fc59e3496df7b ,238013 
152759bf8f7c94a5cb5a3a5f03f043a3b451cd74 ,238181 
807bc2a8ffcec405dd7c7d8aa5657981d79716e5 ,237761 
ed0883dcb9acff0e48ece7752dc23cfb50c7a0e7 ,238039 
2a8603ae9ac37bae6ebe2bde12698f18b69d3096 ,237717 
ab88f4968ff03b14d896ae2c09947dd76d552776 ,237411 
0501fbae516a5378dc3ba690d45f72378051d088 ,237389 
b7e6f7426ad0968a1239ab142ff5ff2b8bdfca52 ,237024 
14274866b382bb3379cf1646b121f1311589de4f ,237175 
1c48fd500e3145678e344d2b81050a4bc6804b55 ,237167 
825fd413d680862dbb0988369645c9d6a6f616b6 ,235459 
4292875e1a955d6567440907554ed7f1e90f7619 ,236956 
15fd025db341ccf1a480a5ef0e53f88d774fa690 ,236964 
a24eab974045c4bfb21bb60bb690706d68b104a5 ,236479 
0c103d939f02695a4c0f3f2904f8d8da89bf517f ,236851 
9e1b57ed4f7e11dd47859c24be539357d194c802 ,236563 
7487976e2b69fd0ab54eed06a1bc18e0958aaa89 ,236706 
2b2276abdde20c96a889f9f01f83ca86f01f9af6 ,236090 
98dbd0c6954d859506d7986e51e4d4863649ce64 ,204072 
219a6d8b6e1375f225db143887b78af15e45d08b ,235466 
1e9cb773a6be421b81fd545334368cd9013a8df8 ,236521 
c9081b4ce376ebf64dd96ca95a10b50708bb29cd ,235704 
3431996267e031b6f3082980bb4db368d36786a4 ,235889 
7e762d6b4a1d89173c791f34871a4fffbb85eb4a ,236170 
137bb96d3f7a5745b3a05c71f6c4d31132a7b354 ,236377 
559f2d050b92c639da6ea07ad107efbde876d442 ,235782 
c9e88750c4f2f0348bc24079798822c16b2fd214 ,235942 
77bacfa9c0182f21487401fe715a6be503d53d3b ,235899 
1320452ea19c97e55271292a1810c7ed227cd955 ,136298 
e7cd649e29bc9400b3cb22dc225f4dc821a19eb7 ,235784 
266134e84739511f4f546f9e40688ca8e7550913 ,235754 
27ef6147a81634a48219bea866cd908b79e0a172 ,234065 
00247b419e5276c5dce0458b9e3164152aeccefa ,235511 
9a8e6b45fd755d107b5abaede3e1f1440430df09 ,235468 
c734c5f9d621c88462ad64d6f3c1c0dbb3bee279 ,235478 
c92e81cb46a3226dffcd9cf2a3e464b4df7b67bd ,233828 
59afd2f177e23f3ef6d5770de1063ac90fdf25b9 ,230320 
f1ac556d6025b9cacaa6daa5c5f0c0cc1c3c58f2 ,232853 
3f06e56478f77a08ee476629cd9742e829fa747c ,209846 
f5464c5a781128c5d28bc2a13682ca62eabe0adf ,132092 
90064a296264274e8bba977a43ceb202285cde5c ,231999 
4b42107866ddae8daec9c857a15abda5c62770d3 ,197181 
4c4b3b0be4af1e43e282f4c5e8a22bce2d63e368 ,209846 
2c616f7e623c458daae770a5ccee311e9e988702 ,231168 
07312cc3616aaa5dcc34cf4bec910d0f93180dee ,188776 
d20290f60757e5b6368d5ac4a474d67edac08e1f ,220435 
c4e92e0cd04fa0bdb49bcca9f7de2c6a928a59c9 ,230153 
340913ee27a410d88435c3c625ea5844a0555e5b ,227902 
de47a82df7298c5e8ae757d50063e1f5956fb082 ,228801 
9089d16ea0b5f8a28987fb3eb76cb7701f8816ba ,225538 
bd1128b547711f12837fb2d49b08c7ad394832db ,221158 
5c62246e66abb1d3670de0f60330839634373a4e ,221039 
93765f539bc295d652b974b9e00d19917222c407 ,176934 
e46e413f25cf92e23483622d8333982bbf923ffd ,168878 
aa59a2ff1ac0e2f1e300c66e90a14a6a24895a7f ,221158 
176f49dcc8ed1e133608707b8278dd275ab1d20e ,196554 
aa3948abc4217c33a70a65c71208c583a8595f68 ,182398 
50861222330a84b166fb66267ea23135bf6330a0 ,226221 
8b368b4278a272ec710e6badbcdf804302547ad4 ,137416 
adfa86d9d0ee768f1555c47aeab4434c5c83c736 ,227348 
eae5e5e054314a08c1b3f6fb74d57c240ad19b83 ,226762 
7db9b2d6b9cc4b873ead4ea8629b390f9847b46f ,194258 
fbba1aec8b1bb5c814326b9b19b7ea8aaeb45d2f ,226596 
ebe34f38e92aced411ecb9339449b5890531ec3a ,143011 
6a0c1bf8051f86a9194bf31e7b9af5a41e862f2d ,226063 
3e866cf3678d27121df9b0558c780f81bdd49ac0 ,196528 
f4ece8e15adf6cfb645d6dd42109203fa5305c4c ,174538 
2283e6286837b12b506ceb1c7ab19ed2e526a2fc ,192579 
abccdc2952871966d3b5cf2f5f4cdbd836e65d32 ,225413 
ba1358051c215d329fb47828ee8d6d128e6318b8 ,224780 
70eceb9d59d75aa4500a39f6bcfa55c6b742e48e ,224780 
0bb96efae5f3a3d608646c0ea57162afc0f2a10b ,193472 
202262053dccbac866a6e77537682fe774235ed3 ,222196 
1629a49fe40d85c3961ac6975bc19a1f4651fc29 ,164037 
19e7b144e8e534034e636c3d14fd63667abc2816 ,221069 
5eaff25a6bdfd0038f5c8a15998b4e29e5361ea7 ,208629 
e2af6326a30b166ca9a7654fe60415bd44182a0c ,220096 
8b254efa72a343883aba7a0a3c56038c46550abf ,217058 
a8a409fc1250a7134bcf2d876f44d4856ade87bd ,217314 
145e54929a91be03db76a2e4386923ff19e1eba6 ,219867 
221326a64cd2ac68dffe058c46b05fc4b54f6316 ,201620 
b0d43c3ed4c208ecdf7050edbe858e21c9f7bcb0 ,219528 
672c94682395d64e337b2315d0a4331049b74385 ,208923 
272c3bbca39be2f1ed10ff4e65b97c87a8f574db ,119556 
61d647cb257c899a19dceb436662a69037f1fe4d ,214561 
29a9d882b46c58950c528afeac54fe36f67e5a88 ,218661 
2c38b66ac1b6829da1c27613c4cc959e3d85cd96 ,218735 
d6f809fa5312d8ffb21a123405b40ec236d58671 ,194360 
71973ce37a72a4eb6c45f6e1fcfecc2f03dcc40e ,218125 
92e5178c607a3e9fb4fd6cf21cc397baf7af4034 ,216320 
118f30647cd538cb9f7667cf519685e35d689bcd ,217694 
fab8d1742ef28704e5fc5f2d508b87abd6256aac da6aebc2f4694fafd19d74a8c37494a44106926a ,213740 
f996e73a136dbad65f9c6a15870c50077c5035bb ,217583 
9229251e505c6984c28467c714c263dbe258bb04 ,210483 
c19f42af8eeaa245eed79a0f5859a3dede61bc53 ,213351 
3508e1a94e30750907ec192483f52bb0bc7db851 ,216053 
7ee549b7b2a0993de1dd1fc0ab46073ea2b6e604 ,215136 
75d1aeb560fc1741de29effb31eb9c553388a517 ,216525 
2be55a935710def16d82e6f64cffc5f4b06cecef ,200240 
48b726e678b41e9e54bddcc09d459a6711012b87 ,216226 
46797deaee3a1ac977d49cd6cab5a9e2c43be07f ,152211 
d0e08154209d78d40313e54feebc7cbd6b356a1f ,216060 
cf981cc85a48bdf594b33bde05a76001d6d57aca ,206566 
7fc8f85855b7a5102cf65399bc2fd896717a8784 ,215379 
84082f67fcbf620b452ef04740545e6d0ba78250 ,214924 
36a04bc973c2e5493ccf7e765cfb4a7e7ecf0570 ,212481 
b03aab83ed28ff6195e718a00972b6037f3665a1 ,179254 
c5e519212c7da908c5b4610e5b6f77aa1d7c5467 ,214292 
e5d5b7288e40e03ac3ad15d55ad0bd6976fae6a7 ,190944 
d092cefe89f386afb9eab08e106de77a3c9bfe75 ,214001 
f682390681640ba0da3e860abb10863901efd7bc ,214292 
9da4d3165a666f8528b04a633229ab80e34eaf19 ,214062 
5338016dc8860eb15a2bb3c549baf42833cf4585 ,205148 
69356740ef9d936d9881ba745c5631b28bcdbd4a ,213721 
05d30fba3c6ddc20ae11f4b412c3dfcdf2967a00 ,214055 
3b57f71e10440534148c316805401ee629a5c0da ,213121 
0292a2875bf60ab0b0570d7170064dfea0decc15 ,209281 
d50df3df9784a75f2e253acaf6ddafb800710c8b ,213345 
1ccad0ad545671efe1e012720a8a0b6344bfc923 ,212962 
a3fc14306af62eacba639d061114376173130b18 e01e1811ba4eb8ba0d2b41eb7f5f886a1d66d678 ,206568 
98d5519c2f86029f0cd61e30ab8db8af51048700 ,212973 
37276325382859431dace5d35f5add02ffa9c895 ,213123 
f70cdc25055a66fb98ca8d599ca836c35889484d ,210710 
041f84784d78e00d5f6859b755995d4326297d49 ,211144 
7fef9fc62538c327f103e24e1c3138ac36ff3cf1 ,212826 
39b5ec9909aa3fab280841471314c57991115fbd ,210314 
dc1977faa3d0e404b0b47cae75234687d6fdcd62 ,212952 
9cfc71f0e4ec3c1882ad6607828a095cbee8b5d8 ,204721 
7c74de7e933dba3ae7dfd1705fea0672966e68f7 ,212489 
c365a6603cce3a87f5bc896d54e42ee315f3a817 ,212791 
2d45a8474888c690253755e2d0f8897676a0c9f3 ,196415 
693f64595652f7a148cde737def009961dc5d929 ,212307 
1b124628bccf298023f62acd1c9c429ca32199d2 ,210314 
124aa1df47f9ac57e4938636380a1d81c5d0708f ,211548 
f7daeb227424b500828c4839c8efe397cd9dca23 ,211523 
61464289abb5caca86c8d03caf0e4ff3bb3a5107 ,211387 
07a26153c8ce490985b7d9c91da8259f8785ea6e ,205458 
5a6156e9c064e94fae23469ec7cd5c801e488f85 ,211143 
083fbe2459bacd8b77813fefa84c00b6c5f7f0be ,211013 
29eb4913e9722cf8227bb690c0973aa0b2ed6e5c ,142084 
20e77e7b1859d8627370924cba1c3d62b6c0e469 ,210843 
cbfd3aca3319aec88b9d628352a2558417caa9fe ,210021 
2949d24ba68b961a7a924629a51e761a5b14dd3c ,210029 
43aaaeed3b5c8eb35c56ffa09c6fe9c0da62afb7 ,200220 
3f7cc0ce0463ecf25f8ae003227e44cfc23f7566 ,210320 
3e8f773114e2770a7a0571a52b52a1a405077fd6 ,209073 
db4eae2051421c1941545e46b7c279fcd227a270 ,210163 
090dd66ff75c3194ae1cb8730f7769015d513866 ,210022 
3aa66762bac5a576e6e87e8b9ed25e33a2e6aa0a ,207659 
ce7efe5f4068d008e900f0fe7701b3d79d314a0f ,186667 
41f5a656c6dd585ce454391c65bce8f78e7d3261 ,192558 
851669b6d6ce2f64a3234b897161f7ab7c7a6cf9 ,202817 
d2e1a441eb1faa69362b33d306e149a1898d7164 ,189313 
f7b25043d70bd67e9b7a24d007391cb436644b2c ,208969 
e05c3464dd9b05720081d7b35d2cfb611a618d5d ,207598 
ac6177f5103bedd5bfee44c303c9307f53db1342 ,208628 
3bab0974b5805a79af775ed68c89ef922f5988ec ,208594 
728cb820a79fbb3fc3f61474af2c776d779673b0 ,207803 
33e8e1fdb5671d9f11949759a2d28d3e56903e93 a3fa65cb7045125a84f3fdd8a5ae02d796fc2664 ,188524 
c1ab5c83a5ad277336e906bd71115af1552d793e ,206393 
fb41d20d3a454c186830b2676d0d233712b4feb2 ,206568 
80e8b2348ae30739fab710e36bf3d676dad99bae ,197539 
c80d36b5c1744f82ce51849213638d22f2a092a2 ,206799 
8e7f1d2e565af6b9a875da567d2e5cfe5102beb6 ,205295 
6122c45b021257f539a624b8c1b9d9803256232a ,205346 
d08a01d3866b40b5479af9ebe0d7c214a8607e80 ,205538 
40a60513e6d4157c32ff33238db3cf7f86cdd4c9 ,205356 
9045be1504b74151b8993b8cb976e6eddcfbc880 ,196112 
96cb91fcf7e7f6a78890841616ac59d119d6b57e ,205466 
82db8e0a336eb12616cdc6d7973f98ab22ed4803 ,205730 
db591b8f575db014d7d062001cf8ae8803d882da ,205346 
9835015ed07753e4c0004b96a4ccb61a87930fce ,204854 
486c9476ac9918b1609f4a32b34b94ab83a6aaef ,203653 
786066b5a31fa4ebce634fbfba347d580c22b3eb ,203097 
8ff35b5222e8221b57e0fa9e7ed6c87a9680da83 ,196029 
20742c98d8dc885dbbd81c831cfd75be614c146f ,168567 
5f8b284ed58481af53a10d872a8d46f3ff04ff7c ,201971 
a6a491bd938e3c7115e70fb97b05ca9fca55e0fa 1c352ed186476c7dea267d3feefc304a64ab799d ,203179 
b7231ef8dea375ebf125eb7bbda6d3ca0b1ea433 ,203835 
24ac8eb9bb1dc45888c7a1d83ba119a8d9936328 ,204171 
9f2840e623bca2f211525f9561e98a0696a407c5 ,203892 
31d9ca29f39dae9ffffdcb18f3079770ab867e52 ,203801 
1c41723b2239c059d314feb63b5fb7d31aac0ad2 ,197355 
b8bfe07206b0739116004e71879db740dbcfd140 ,203633 
5f227cb22386519eb1148549ba0a5c2ecece1204 ,161646 
5612d952e6839a0d724267c9259ac2f16c9c46ec ,203177 
214c8b9aef1b24f7474d2462b5e24f51b06025ad ,203025 
1ba3f63dd832a80f9ab8eb8f094470cd00140f1a ,202998 
0c4791a9c9584602727c7360653cbed62c05d0e4 ,200387 
ca38b77a6a379db1275170ad6797f2a0dbc9bdab ,202514 
e707609ac522c888727855acd6552b3336c3c320 ,193423 
33125a2c91bb55accd2936d7da17500e9011d1ad ,200269 
350ab803cc00ac094090a17abceebfb71b32408e ,195311 
d46a58c8b76bef73b648ee1ce7b1f271e6a6628a ,199483 
2af92cf49c6255f24e2204b35412662b86bfd53b ,198953 
17b04991875ffd85edd023b15bad32ce319cd98a ,198597 
030ef77316e2652cfc32fa0ec8ead95493258696 ,197876 
9f55cdb6a5942f0480798832742ffab400eeb2f0 ,196585 
2d4856c1e33fbbf0309cc9b53db9ff80916f0b8f ,197355 
93826bf4ab9febacb8c3924c77978d327cf2b1d1 ,194835 
90400cdd9d72d945105007a931864455b2da455e ,196841 
60d34834ecd8c1ce665b43ce0828db66521a8181 ,197010 
1cb8314820454279fd9082c8493e0da80390eacb ,196622 
2cc350724a6a0b87931188b2bc573e9066c8555b ,196643 
b3280714446023d318e85024d44f5cf93e8392f0 ,196820 
46ce019067c4c0787a86c825747c53e6afdda48e ,189787 
f0dcb1ca40510c8f6544d04d60dfa8236f007a12 ,194703 
634e9a6ad8d371e08d84d24817919c4e8bda4565 ,196056 
2e2d7daf5a28a58b2a87519a7a3606634eff7d77 ,194882 
e8f2321f027697524ef86b12df60c955fadad8e0 ,194058 
06ed8a43a5920034a58d3de680d1b32b3fc0aaed ,195508 
075fc106a141e4e44a51b5020b165674c3efe0be ,195283 
0958eb9c03048e45f43c95d5139e3158d86e9404 ,195278 
b91d1423594e8da259e2d18289d84d9c8dc4aa6b ,176765 
a354b29c9d5ad098ffbc24b22be860d094b422e5 ,195306 
d3b528b6ea6449797e8ce33cd3cd91ba8ed782f1 ,194808 
2a38ca0ad8dcb8f5576732e36f37be1b7f75a3ea ,194541 
fb3c22dc6b6693b4f84c60439ae37cb8d351208f ,187550 
c78538c6a21698c55ea3e25470a40a44f859d7ae ,194406 
959e7f1d4806f8cb5d4a638610d3946091c3193c ,194341 
3809b4948dcb23e4fae955159cfd92ffc45f1eb2 ,193059 
78d941423e833215af8e5d4ef3753c1c380cd0e7 ,193985 
c3b918d1d080af56602a3ced2e5f8e457bac16b5 ,186882 
3c14115d213a3a8c395341f2f2c49eea4d6dfbae ,193423 
a434c02f843cbfa6420bfbe59416b7c4a5c0a014 ,187323 
1faff5929afc7a541470dd6083af8b3d4ebdace0 ,194325 
72cf38e17572b5b16555f6bb0526f834c97fb6c6 ,194248 
a5d2beac9f7d405bd712a751bc6aa9ba2fbb927e ,194144 
22a5083f57530221bb7bb680e910cf2ace3627ab ,194118 
6f9f2484a662ed893d885b3c97197983faa3011f ,194090 
f73094022955d63fbbea045a5210778d9bb8918b ,193870 
008213c41fcb5925e092f40598417220a73ec5b3 ,193876 
72c9f8f559d22bdd9e1de920e7687b34ff7b27ad ,193847 
8c64934ffac928de95ef0174afd0da69ab6cf36c ,180337 
b0b9ebe96da9a07475159495c1f04cf2cff689eb ,193789 
d34b88d793ae10a0658fd081f765388faae86931 ,190660 
beaa9931de9393800898bd5dd5d44fd7ce362db3 ,174916 
